Do cells use passwords in cell-state transitions? Is cell signaling sometimes encrypted?,/pubmed/31175621,Root A.,Theory Biosci. 2019 Jun 7. doi: 10.1007/s12064-019-00295-1. [Epub ahead of print],Theory Biosci.  2019,PubMed,citation,PMID:31175621,pubmed,31175621,create date:2019/06/09 | first author:Root A,
A Fractal-Based Authentication Technique Using Sierpinski Triangles in Smart Devices.,/pubmed/30736448,"Ali A, Rafique H, Arshad T, Alqarni MA, Chauhdary SH, Bashir AK.",Sensors (Basel). 2019 Feb 7;19(3). pii: E678. doi: 10.3390/s19030678.,Sensors (Basel).  2019,PubMed,citation,PMID:30736448 | PMCID:PMC6387263,pubmed,30736448,create date:2019/02/10 | first author:Ali A,
Access to mobile phone and willingness to receive mHealth services among patients with diabetes in Northwest Ethiopia: a cross-sectional study.,/pubmed/30679284,"Jemere AT, Yeneneh YE, Tilahun B, Fritz F, Alemu S, Kebede M.",BMJ Open. 2019 Jan 24;9(1):e021766. doi: 10.1136/bmjopen-2018-021766.,BMJ Open.  2019,PubMed,citation,PMID:30679284 | PMCID:PMC6347931,pubmed,30679284,create date:2019/01/27 | first author:Jemere AT,
Development of three ways molecular logic gate based on water soluble phenazine fluorescent 'selective ion' sensor.,/pubmed/30530066,"Daniel Thangadurai T, Nithya I, Rakkiyanasamy A.",Spectrochim Acta A Mol Biomol Spectrosc. 2019 Mar 15;211:132-140. doi: 10.1016/j.saa.2018.12.006. Epub 2018 Dec 4.,Spectrochim Acta A Mol Biomol Spectrosc.  2019,PubMed,citation,PMID:30530066,pubmed,30530066,create date:2018/12/12 | first author:Daniel Thangadurai T,
People infuse their passwords with autobiographical information.,/pubmed/30373450,"Taylor RJ, Garry M.",Memory. 2019 May;27(5):581-591. doi: 10.1080/09658211.2018.1539499. Epub 2018 Oct 29.,Memory.  2019,PubMed,citation,PMID:30373450,pubmed,30373450,create date:2018/10/31 | first author:Taylor RJ,
Challenges and Future Perspectives on Electroencephalogram-Based Biometrics in Person Recognition.,/pubmed/30356770,"Chan HL, Kuo PC, Cheng CY, Chen YS.",Front Neuroinform. 2018 Oct 9;12:66. doi: 10.3389/fninf.2018.00066. eCollection 2018. Review.,Front Neuroinform.  2018,PubMed,citation,PMID:30356770 | PMCID:PMC6189450,pubmed,30356770,create date:2018/10/26 | first author:Chan HL,
"Sequential displacement strategy for selective and highly sensitive detection of Zn(2+), Hg(2+) and S(2-) ions: An approach toward a molecular keypad lock.",/pubmed/30340207,"Padhan SK, Palei J, Rana P, Murmu N, Sahu SN.",Spectrochim Acta A Mol Biomol Spectrosc. 2019 Feb 5;208:271-284. doi: 10.1016/j.saa.2018.10.016. Epub 2018 Oct 15.,Spectrochim Acta A Mol Biomol Spectrosc.  2019,PubMed,citation,PMID:30340207,pubmed,30340207,create date:2018/10/20 | first author:Padhan SK,
Methodology of a new inflammatory arthritis registry: TReasure,/pubmed/30119164,"Kalyoncu U, Taşcılar EK, Ertenli Aİ, Dalkılıç HE, Bes C, Küçükşahin O, Kaşifoğlu T, Alpay Kanıtez N, Emmungil H, Kimyon G, Yaşar Bilge NŞ, Akar S, Atagündüz MP, Koca SS, Ateş A, Yazısız V, Terzioğlu E, Ersözlü ED, Tufan MA, Çınar M, Mercan R, Şahin A, et al.",Turk J Med Sci. 2018 Aug 16;48(4):856-861. doi: 10.3906/sag-1807-200.,Turk J Med Sci.  2018,PubMed,citation,PMID:30119164,pubmed,30119164,create date:2018/08/19 | first author:Kalyoncu U,
Finger-to-Heart(F2H): Authentication for Wireless Implantable Medical Devices.,/pubmed/30106744,"Zheng G, Yang W, Valli C, Qiao L, Shankaran R, Orgun MA, Mukhopadhyay SC.",IEEE J Biomed Health Inform. 2018 Aug 10. doi: 10.1109/JBHI.2018.2864796. [Epub ahead of print],IEEE J Biomed Health Inform.  2018,PubMed,citation,PMID:30106744,pubmed,30106744,create date:2018/08/15 | first author:Zheng G,
Cytocoded passwords: BioMEMS based barcoding of biological samples for user authentication in microfluidic diagnostic devices.,/pubmed/30066033,"Salles-Loustau G, Le T, Najafizadeh L, Zonouz S, Javanmard M.",Biomed Microdevices. 2018 Jul 31;20(3):63. doi: 10.1007/s10544-018-0306-4.,Biomed Microdevices.  2018,PubMed,citation,PMID:30066033,pubmed,30066033,create date:2018/08/02 | first author:Salles-Loustau G,
Adaptive Human-Machine Interactive Behavior Analysis With Wrist-Worn Devices for Password Inference.,/pubmed/29994547,"Shen C, Chen Y, Liu Y, Guan X.",IEEE Trans Neural Netw Learn Syst. 2018 Dec;29(12):6292-6302. doi: 10.1109/TNNLS.2018.2829223. Epub 2018 May 17.,IEEE Trans Neural Netw Learn Syst.  2018,PubMed,citation,PMID:29994547,pubmed,29994547,create date:2018/07/12 | first author:Shen C,
Shedding Light on Keeping People in the Dark.,/pubmed/29961268,Fallis D.,Top Cogn Sci. 2018 Jul 1. doi: 10.1111/tops.12361. [Epub ahead of print],Top Cogn Sci.  2018,PubMed,citation,PMID:29961268,pubmed,29961268,create date:2018/07/02 | first author:Fallis D,
Integrating Visual Mnemonics and Input Feedback With Passphrases to Improve the Usability and Security of Digital Authentication.,/pubmed/29718722,"Juang K, Greenstein J.",Hum Factors. 2018 Aug;60(5):658-668. doi: 10.1177/0018720818767683. Epub 2018 May 2.,Hum Factors.  2018,PubMed,citation,PMID:29718722,pubmed,29718722,create date:2018/05/03 | first author:Juang K,
Biometrics: Accessibility challenge or opportunity?,/pubmed/29565989,"Blanco-Gonzalo R, Lunerti C, Sanchez-Reillo R, Guest R.",PLoS One. 2018 Mar 22;13(3):e0194111. doi: 10.1371/journal.pone.0194111. eCollection 2018. Erratum in: PLoS One. 2018 Apr 19;13(4):e0196372. ,PLoS One.  2018,PubMed,citation,PMID:29565989 | PMCID:PMC5864003,pubmed,29565989,create date:2018/03/23 | first author:Blanco-Gonzalo R,
Molecules for security measures: from keypad locks to advanced communication protocols.,/pubmed/29487931,"Andréasson J, Pischel U.",Chem Soc Rev. 2018 Apr 3;47(7):2266-2279. doi: 10.1039/c7cs00287d.,Chem Soc Rev.  2018,PubMed,citation,PMID:29487931,pubmed,29487931,create date:2018/03/01 | first author:Andréasson J,
Evaluating authentication options for mobile health applications in younger and older adults.,/pubmed/29300736,"Grindrod K, Khan H, Hengartner U, Ong S, Logan AG, Vogel D, Gebotys R, Yang J.",PLoS One. 2018 Jan 4;13(1):e0189048. doi: 10.1371/journal.pone.0189048. eCollection 2018.,PLoS One.  2018,PubMed,citation,PMID:29300736 | PMCID:PMC5754080,pubmed,29300736,create date:2018/01/05 | first author:Grindrod K,
Factors Associated With Engagement With a Web-Based Lifestyle Intervention Following Provision of Coronary Heart Disease Risk: Mixed Methods Study.,/pubmed/29038095,"Usher-Smith JA, Winther LR, Shefer GS, Silarova B, Payne RA, Griffin SJ.",J Med Internet Res. 2017 Oct 16;19(10):e351. doi: 10.2196/jmir.7697.,J Med Internet Res.  2017,PubMed,citation,PMID:29038095 | PMCID:PMC5662793,pubmed,29038095,create date:2017/10/19 | first author:Usher-Smith JA,
Are participants concerned about privacy and security when using short message service to report product adherence in a rectal microbicide trial?,/pubmed/29025127,"Giguere R, Brown W III, Balán IC, Dolezal C, Ho T, Sheinfil A, Ibitoye M, Lama JR, McGowan I, Cranston RD, Carballo-Diéguez A.",J Am Med Inform Assoc. 2018 Apr 1;25(4):393-400. doi: 10.1093/jamia/ocx081.,J Am Med Inform Assoc.  2018,PubMed,citation,PMID:29025127 | PMCID:PMC5885798,pubmed,29025127,create date:2017/10/13 | first author:Giguere R,
[National Antimicrobial Resistance Surveillance System (NAMRSS) external quality assessment studies: 2011-2016].,/pubmed/28929961,"Süzük Yıldız S, Şimşek H, Çöplü N, Gülay Z; UAMDS Study Group..",Mikrobiyol Bul. 2017 Jul;51(3):247-259. doi: 10.5578/mb.57421. Turkish. ,Mikrobiyol Bul.  2017,PubMed,citation,PMID:28929961,pubmed,28929961,create date:2017/09/21 | first author:Süzük Yıldız S,
Authentication of Smartphone Users Based on Activity Recognition and Mobile Sensing.,/pubmed/28878177,"Ehatisham-Ul-Haq M, Azam MA, Loo J, Shuang K, Islam S, Naeem U, Amin Y.",Sensors (Basel). 2017 Sep 6;17(9). pii: E2043. doi: 10.3390/s17092043.,Sensors (Basel).  2017,PubMed,citation,PMID:28878177 | PMCID:PMC5620999,pubmed,28878177,create date:2017/09/08 | first author:Ehatisham-Ul-Haq M,
Prevalence of Sharing Access Credentials in Electronic Medical Records.,/pubmed/28875052,"Hassidim A, Korach T, Shreberk-Hassidim R, Thomaidou E, Uzefovsky F, Ayal S, Ariely D.",Healthc Inform Res. 2017 Jul;23(3):176-182. doi: 10.4258/hir.2017.23.3.176. Epub 2017 Jul 31.,Healthc Inform Res.  2017,PubMed,citation,PMID:28875052 | PMCID:PMC5572521,pubmed,28875052,create date:2017/09/07 | first author:Hassidim A,
A Mobile-Based Community Health Management Information System for Community Health Workers and Their Supervisors in 2 Districts of Zambia.,/pubmed/28855233,"Biemba G, Chiluba B, Yeboah-Antwi K, Silavwe V, Lunze K, Mwale RK, Russpatrick S, Hamer DH.",Glob Health Sci Pract. 2017 Sep 28;5(3):486-494. doi: 10.9745/GHSP-D-16-00275. Print 2017 Sep 27.,Glob Health Sci Pract.  2017,PubMed,citation,PMID:28855233 | PMCID:PMC5620344,pubmed,28855233,create date:2017/09/01 | first author:Biemba G,
Integrating mHealth at point of care in low- and middle-income settings: the system perspective.,/pubmed/28838302,"Wallis L, Blessing P, Dalwai M, Shin SD.",Glob Health Action. 2017 Jun;10(sup3):1327686. doi: 10.1080/16549716.2017.1327686.,Glob Health Action.  2017,PubMed,citation,PMID:28838302 | PMCID:PMC5645717,pubmed,28838302,create date:2017/08/26 | first author:Wallis L,
Indirect effect of management support on users' compliance behaviour towards information security policies.,/pubmed/28537207,"Humaidi N, Balakrishnan V.",Health Inf Manag. 2018 Jan;47(1):17-27. doi: 10.1177/1833358317700255. Epub 2017 Mar 30.,Health Inf Manag.  2018,PubMed,citation,PMID:28537207,pubmed,28537207,create date:2017/05/26 | first author:Humaidi N,
Security enhanced multi-factor biometric authentication scheme using bio-hash function.,/pubmed/28459867,"Choi Y, Lee Y, Moon J, Won D.",PLoS One. 2017 May 1;12(5):e0176250. doi: 10.1371/journal.pone.0176250. eCollection 2017.,PLoS One.  2017,PubMed,citation,PMID:28459867 | PMCID:PMC5411053,pubmed,28459867,create date:2017/05/02 | first author:Choi Y,
Time to Push: Use of Gestational Age in the Electronic Health Record to Support Delivery of Relevant Prenatal Education Content.,/pubmed/29881749,Arcia A.,EGEMS (Wash DC). 2017 Apr 20;5(2):5. doi: 10.13063/2327-9214.1281.,EGEMS (Wash DC).  2017,PubMed,citation,PMID:29881749 | PMCID:PMC5983063,pubmed,29881749,create date:2017/04/20 | first author:Arcia A,
Clinical Trial Electronic Portals for Expedited Safety Reporting: Recommendations from the Clinical Trials Transformation Initiative Investigational New Drug Safety Advancement Project.,/pubmed/28410179,"Perez RP, Finnigan S, Patel K, Whitney S, Forrest A.",JMIR Cancer. 2016 Dec 15;2(2):e16. doi: 10.2196/cancer.6701.,JMIR Cancer.  2016,PubMed,citation,PMID:28410179 | PMCID:PMC5367842,pubmed,28410179,create date:2017/04/15 | first author:Perez RP,
"Electronic Medical Records, Medical Students, and Ambulatory Family Physicians: A Multi-Institution Study.",/pubmed/28379934,"White J, Anthony D, WinklerPrins V, Roskos S.",Acad Med. 2017 Oct;92(10):1485-1490. doi: 10.1097/ACM.0000000000001673.,Acad Med.  2017,PubMed,citation,PMID:28379934,pubmed,28379934,create date:2017/04/06 | first author:White J,
"Implementation of a single sign-on system between practice, research and learning systems.",/pubmed/28352925,"Purkayastha S, Gichoya JW, Addepally SA.",Appl Clin Inform. 2017 Mar 29;8(1):306-312. doi: 10.4338/ACI-2016-10-CR-0171.,Appl Clin Inform.  2017,PubMed,citation,PMID:28352925 | PMCID:PMC5373772,pubmed,28352925,create date:2017/03/30 | first author:Purkayastha S,
Locking it down: The privacy and security of mobile medication apps.,/pubmed/28286594,"Grindrod K, Boersema J, Waked K, Smith V, Yang J, Gebotys C.",Can Pharm J (Ott). 2016 Dec 6;150(1):60-66. doi: 10.1177/1715163516680226. eCollection 2017 Jan-Feb.,Can Pharm J (Ott).  2017,PubMed,citation,PMID:28286594 | PMCID:PMC5330422,pubmed,28286594,create date:2017/03/14 | first author:Grindrod K,
Secure access to patient's health records using SpeechXRays a mutli-channel biometrics platform for user authentication.,/pubmed/28268840,"Spanakis EG, Spanakis M, Karantanas A, Marias K.",Conf Proc IEEE Eng Med Biol Soc. 2016 Aug;2016:2541-2544. doi: 10.1109/EMBC.2016.7591248.,Conf Proc IEEE Eng Med Biol Soc.  2016,PubMed,citation,PMID:28268840,pubmed,28268840,create date:2017/03/09 | first author:Spanakis EG,
One-Time Password Generation and Two-Factor Authentication Using Molecules and Light.,/pubmed/28252833,"Naren G, Li S, Andréasson J.",Chemphyschem. 2017 Jul 5;18(13):1726-1729. doi: 10.1002/cphc.201700074. Epub 2017 Mar 2.,Chemphyschem.  2017,PubMed,citation,PMID:28252833,pubmed,28252833,create date:2017/03/03 | first author:Naren G,
A Temporal Credential-Based Mutual Authentication with Multiple-Password Scheme for Wireless Sensor Networks.,/pubmed/28135288,"Liu X, Zhang R, Liu Q.",PLoS One. 2017 Jan 30;12(1):e0170657. doi: 10.1371/journal.pone.0170657. eCollection 2017.,PLoS One.  2017,PubMed,citation,PMID:28135288 | PMCID:PMC5279753,pubmed,28135288,create date:2017/01/31 | first author:Liu X,
Highly Reliable Key Generation From Electrocardiogram (ECG).,/pubmed/28113243,"Karimian N, Zimu Guo, Tehranipoor M, Forte D.",IEEE Trans Biomed Eng. 2017 Jun;64(6):1400-1411. doi: 10.1109/TBME.2016.2607020. Epub 2016 Sep 8.,IEEE Trans Biomed Eng.  2017,PubMed,citation,PMID:28113243,pubmed,28113243,create date:2017/01/24 | first author:Karimian N,
[Application of password manager software in health care].,/pubmed/28019111,Ködmön J.,Orv Hetil. 2016 Dec;157(52):2066-2073. doi: 10.1556/650.2016.30605. Hungarian. ,Orv Hetil.  2016,PubMed,citation,PMID:28019111,pubmed,28019111,create date:2016/12/27 | first author:Ködmön J,
Qualitative study of physicians' varied uses of biomedical research in the USA.,/pubmed/27872121,"Maggio LA, Moorhead LL, Willinsky JM.",BMJ Open. 2016 Nov 21;6(11):e012846. doi: 10.1136/bmjopen-2016-012846.,BMJ Open.  2016,PubMed,citation,PMID:27872121 | PMCID:PMC5128940,pubmed,27872121,create date:2016/11/23 | first author:Maggio LA,
Perfect Rainbow Tradeoff with Checkpoints Revisited.,/pubmed/27855190,Hong J.,PLoS One. 2016 Nov 17;11(11):e0166404. doi: 10.1371/journal.pone.0166404. eCollection 2016.,PLoS One.  2016,PubMed,citation,PMID:27855190 | PMCID:PMC5113958,pubmed,27855190,create date:2016/11/18 | first author:Hong J,
The End of Passwords.,/pubmed/27459565,Pogue D.,Sci Am. 2016 Aug;315(2):26. doi: 10.1038/scientificamerican0816-26. No abstract available. ,Sci Am.  2016,PubMed,citation,PMID:27459565,pubmed,27459565,create date:2016/07/28 | first author:Pogue D,
"A Miniaturized Therapeutic Chromophore for Multiple Metal Pollutant Sensing, Pathological Metal Diagnosis and Logical Computing.",/pubmed/27271817,Rout B.,Sci Rep. 2016 Jun 7;6:27115. doi: 10.1038/srep27115.,Sci Rep.  2016,PubMed,citation,PMID:27271817 | PMCID:PMC4895214,pubmed,27271817,create date:2016/06/09 | first author:Rout B,
Unfalsifiability of security claims.,/pubmed/27217574,Herley C.,Proc Natl Acad Sci U S A. 2016 Jun 7;113(23):6415-20. doi: 10.1073/pnas.1517797113. Epub 2016 May 23.,Proc Natl Acad Sci U S A.  2016,PubMed,citation,PMID:27217574 | PMCID:PMC4988610,pubmed,27217574,create date:2016/05/25 | first author:Herley C,
Postretrieval new learning does not reliably induce human memory updating via reconsolidation.,/pubmed/27114514,"Hardwicke TE, Taqi M, Shanks DR.",Proc Natl Acad Sci U S A. 2016 May 10;113(19):5206-11. doi: 10.1073/pnas.1601440113. Epub 2016 Apr 25.,Proc Natl Acad Sci U S A.  2016,PubMed,citation,PMID:27114514 | PMCID:PMC4868433,pubmed,27114514,create date:2016/04/27 | first author:Hardwicke TE,
The psychological effects of cyber terrorism.,/pubmed/28366962,"Gross ML, Canetti D, Vashdi DR.",Bull At Sci. 2016;72(5):284-291. doi: 10.1080/00963402.2016.1216502. Epub 2016 Aug 4.,Bull At Sci.  2016,PubMed,citation,PMID:28366962 | PMCID:PMC5370589,pubmed,28366962,create date:2016/01/01 | first author:Gross ML,
An Improvement of Robust Biometrics-Based Authentication and Key Agreement Scheme for Multi-Server Environments Using Smart Cards.,/pubmed/26709702,"Moon J, Choi Y, Jung J, Won D.",PLoS One. 2015 Dec 28;10(12):e0145263. doi: 10.1371/journal.pone.0145263. eCollection 2015.,PLoS One.  2015,PubMed,citation,PMID:26709702 | PMCID:PMC4699843,pubmed,26709702,create date:2015/12/29 | first author:Moon J,
Enhanced Two-Factor Authentication and Key Agreement Using Dynamic Identities in Wireless Sensor Networks.,/pubmed/26633396,"Chang IP, Lee TF, Lin TH, Liu CM.",Sensors (Basel). 2015 Nov 30;15(12):29841-54. doi: 10.3390/s151229767.,Sensors (Basel).  2015,PubMed,citation,PMID:26633396 | PMCID:PMC4721688,pubmed,26633396,create date:2015/12/04 | first author:Chang IP,
Personal Verification/Identification via Analysis of the Peripheral ECG Leads: Influence of the Personal Health Status on the Accuracy.,/pubmed/26568954,"Jekova I, Bortolan G.",Biomed Res Int. 2015;2015:135676. doi: 10.1155/2015/135676. Epub 2015 Oct 19.,Biomed Res Int.  2015,PubMed,citation,PMID:26568954 | PMCID:PMC4629057,pubmed,26568954,create date:2015/11/17 | first author:Jekova I,
Telemedicine: Development of a distance care system for pre-dialysis chronic kidney disease patients.,/pubmed/26398645,"Fernandes NM, Bastos MG, Oliveira NA, Costa Ado V, Bernardino HS.","J Bras Nefrol. 2015 Jul-Sep;37(3):349-58. doi: 10.5935/0101-2800.20150055. English, Portuguese. ",J Bras Nefrol.  2015,PubMed,citation,PMID:26398645,pubmed,26398645,create date:2015/09/24 | first author:Fernandes NM,
A Hash Based Remote User Authentication and Authenticated Key Agreement Scheme for the Integrated EPR Information System.,/pubmed/26349803,"Li CT, Weng CY, Lee CC, Wang CC.",J Med Syst. 2015 Nov;39(11):144. doi: 10.1007/s10916-015-0322-3. Epub 2015 Sep 9.,J Med Syst.  2015,PubMed,citation,PMID:26349803,pubmed,26349803,create date:2015/09/10 | first author:Li CT,
Physicians' responses to computerized drug interaction alerts with password overrides.,/pubmed/26315024,"Nasuhara Y, Sakushima K, Endoh A, Umeki R, Oki H, Yamada T, Iseki K, Ishikawa M.",BMC Med Inform Decis Mak. 2015 Aug 28;15:74. doi: 10.1186/s12911-015-0194-y. Erratum in: BMC Med Inform Decis Mak. 2016;16(1):108. ,BMC Med Inform Decis Mak.  2015,PubMed,citation,PMID:26315024 | PMCID:PMC4551528,pubmed,26315024,create date:2015/09/01 | first author:Nasuhara Y,
When Sharing Is a Bad Idea: The Effects of Online Social Network Engagement and Sharing Passwords with Friends on Cyberbullying Involvement.,/pubmed/26252928,"Meter DJ, Bauman S.",Cyberpsychol Behav Soc Netw. 2015 Aug;18(8):437-42. doi: 10.1089/cyber.2015.0081.,Cyberpsychol Behav Soc Netw.  2015,PubMed,citation,PMID:26252928,pubmed,26252928,create date:2015/08/08 | first author:Meter DJ,
Emergency medical services key performance measurement in Asian cities.,/pubmed/25932052,"Rahman NH, Tanaka H, Shin SD, Ng YY, Piyasuwankul T, Lin CH, Ong ME.",Int J Emerg Med. 2015 Apr 23;8:12. doi: 10.1186/s12245-015-0062-7. eCollection 2015.,Int J Emerg Med.  2015,PubMed,citation,PMID:25932052 | PMCID:PMC4412872,pubmed,25932052,create date:2015/05/02 | first author:Rahman NH,
"Detecting, preventing, and responding to ""fraudsters"" in internet research: ethics and tradeoffs.",/pubmed/25846043,"Teitcher JE, Bockting WO, Bauermeister JA, Hoefer CJ, Miner MH, Klitzman RL.",J Law Med Ethics. 2015 Spring;43(1):116-33. doi: 10.1111/jlme.12200.,J Law Med Ethics.  2015,PubMed,citation,PMID:25846043 | PMCID:PMC4669957,pubmed,25846043,create date:2015/04/08 | first author:Teitcher JE,
Efficient biometric authenticated key agreements based on extended chaotic maps for telecare medicine information systems.,/pubmed/25795325,"Lou DC, Lee TF, Lin TH.",J Med Syst. 2015 May;39(5):58. doi: 10.1007/s10916-015-0240-4. Epub 2015 Mar 22.,J Med Syst.  2015,PubMed,citation,PMID:25795325,pubmed,25795325,create date:2015/03/22 | first author:Lou DC,
What is the password? Female bark beetles (Scolytinae) grant males access to their galleries based on courtship song.,/pubmed/25783802,"Lindeman AA, Yack JE.",Behav Processes. 2015 Jun;115:123-31. doi: 10.1016/j.beproc.2015.03.009. Epub 2015 Mar 14.,Behav Processes.  2015,PubMed,citation,PMID:25783802,pubmed,25783802,create date:2015/03/19 | first author:Lindeman AA,
Correction.,/pubmed/25751054,[No authors listed],Cyberpsychol Behav Soc Netw. 2015 Mar;18(3):195. doi: 10.1089/cyber.2014.0179.cxn.,Cyberpsychol Behav Soc Netw.  2015,PubMed,citation,PMID:25751054,pubmed,25751054,create date:2015/03/10,
Analysis of health professional security behaviors in a real clinical setting: an empirical study.,/pubmed/25678101,"Fernández-Alemán JL, Sánchez-Henarejos A, Toval A, Sánchez-García AB, Hernández-Hernández I, Fernandez-Luque L.",Int J Med Inform. 2015 Jun;84(6):454-67. doi: 10.1016/j.ijmedinf.2015.01.010. Epub 2015 Jan 23.,Int J Med Inform.  2015,PubMed,citation,PMID:25678101,pubmed,25678101,create date:2015/02/14 | first author:Fernández-Alemán JL,
Individual differences in cyber security behaviors: an examination of who is sharing passwords.,/pubmed/25517697,"Whitty M, Doodson J, Creese S, Hodges D.",Cyberpsychol Behav Soc Netw. 2015 Jan;18(1):3-7. doi: 10.1089/cyber.2014.0179. Epub 2014 Dec 17. Erratum in: Cyberpsychol Behav Soc Netw. 2015 Mar;18(3):195. ,Cyberpsychol Behav Soc Netw.  2015,PubMed,citation,PMID:25517697 | PMCID:PMC4291202,pubmed,25517697,create date:2014/12/18 | first author:Whitty M,
Security analysis and improvement of an anonymous authentication scheme for roaming services.,/pubmed/25302330,"Lee Y, Paik J.",ScientificWorldJournal. 2014;2014:687879. doi: 10.1155/2014/687879. Epub 2014 Sep 11.,ScientificWorldJournal.  2014,PubMed,citation,PMID:25302330 | PMCID:PMC4180899,pubmed,25302330,create date:2014/10/11 | first author:Lee Y,
Security enhanced anonymous multiserver authenticated key agreement scheme using smart cards and biometrics.,/pubmed/25276847,"Choi Y, Nam J, Lee D, Kim J, Jung J, Won D.",ScientificWorldJournal. 2014;2014:281305. doi: 10.1155/2014/281305. Epub 2014 Sep 8.,ScientificWorldJournal.  2014,PubMed,citation,PMID:25276847 | PMCID:PMC4170879,pubmed,25276847,create date:2014/10/03 | first author:Choi Y,
On the security of a simple three-party key exchange protocol without server's public keys.,/pubmed/25258723,"Nam J, Choo KK, Park M, Paik J, Won D.",ScientificWorldJournal. 2014;2014:479534. doi: 10.1155/2014/479534. Epub 2014 Sep 1.,ScientificWorldJournal.  2014,PubMed,citation,PMID:25258723 | PMCID:PMC4165805,pubmed,25258723,create date:2014/09/27 | first author:Nam J,
Time pattern locking scheme for secure multimedia contents in human-centric device.,/pubmed/25202737,"Kim HW, Kim JH, Park JH, Jeong YS.",ScientificWorldJournal. 2014;2014:796515. doi: 10.1155/2014/796515. Epub 2014 Aug 17.,ScientificWorldJournal.  2014,PubMed,citation,PMID:25202737 | PMCID:PMC4151540,pubmed,25202737,create date:2014/09/10 | first author:Kim HW,
A user authentication scheme using physiological and behavioral biometrics for multitouch devices.,/pubmed/25147864,"Koong CS, Yang TI, Tseng CC.",ScientificWorldJournal. 2014;2014:781234. doi: 10.1155/2014/781234. Epub 2014 Jul 24.,ScientificWorldJournal.  2014,PubMed,citation,PMID:25147864 | PMCID:PMC4131464,pubmed,25147864,create date:2014/08/26 | first author:Koong CS,
[Study of the importance and security level of passwords in the healthcare setting].,/pubmed/25110307,"Fernández-Alemán JL, Sánchez-Henarejos A, García-Amicis VM, Toval A, Sánchez-García AB, Hernández-Hernández I.",Gac Sanit. 2015 Jan-Feb;29(1):74-6. doi: 10.1016/j.gaceta.2014.07.003. Epub 2014 Aug 7. Spanish.  No abstract available. ,Gac Sanit.  2015,PubMed,citation,PMID:25110307,pubmed,25110307,create date:2014/08/12 | first author:Fernández-Alemán JL,
The challenges of real-world implementation of web-based shared care software: the HopSCOTCH Shared-Care Obesity Trial in Children.,/pubmed/25056431,"Lycett K, Wittert G, Gunn J, Hutton C, Clifford SA, Wake M.",BMC Med Inform Decis Mak. 2014 Jul 24;14:61. doi: 10.1186/1472-6947-14-61.,BMC Med Inform Decis Mak.  2014,PubMed,citation,PMID:25056431 | PMCID:PMC4115470,pubmed,25056431,create date:2014/07/25 | first author:Lycett K,
Facelock: familiarity-based graphical authentication.,/pubmed/25024913,"Jenkins R, McLachlan JL, Renaud K.",PeerJ. 2014 Jun 24;2:e444. doi: 10.7717/peerj.444. eCollection 2014.,PeerJ.  2014,PubMed,citation,PMID:25024913 | PMCID:PMC4081289,pubmed,25024913,create date:2014/07/16 | first author:Jenkins R,
Preventing shoulder-surfing attack with the concept of concealing the password objects' information.,/pubmed/24991649,"Ho PF, Kam YH, Wee MC, Chong YN, Por LY.",ScientificWorldJournal. 2014;2014:838623. doi: 10.1155/2014/838623. Epub 2014 May 27.,ScientificWorldJournal.  2014,PubMed,citation,PMID:24991649 | PMCID:PMC4058474,pubmed,24991649,create date:2014/07/06 | first author:Ho PF,
"iBIM""--internet-based interactive modules: an easy and interesting learning tool for general surgery residents.",/pubmed/24666457,"Azer N, Shi X, de Gara C, Karmali S, Birch DW.",Can J Surg. 2014 Apr;57(2):E31-5.,Can J Surg.  2014,PubMed,citation,PMID:24666457 | PMCID:PMC3968211,pubmed,24666457,create date:2014/03/29 | first author:Azer N,
EURObservational Research Programme: a worldwide registry on peripartum cardiomyopathy (PPCM) in conjunction with the Heart Failure Association of the European Society of Cardiology Working Group on PPCM.,/pubmed/24591060,"Sliwa K, Hilfiker-Kleiner D, Mebazaa A, Petrie MC, Maggioni AP, Regitz-Zagrosek V, Schaufelberger M, Tavazzi L, van Veldhuisen DJ, Roos-Hesslink JW, Shah AJ, Seferovic PM, Elkayam U, van Spaendonck-Zwarts K, Bachelier-Walenta K, Mouquet F, Kraigher-Krainer E, Hall R, Ponikowski P, McMurray JJ, Pieske B.",Eur J Heart Fail. 2014 May;16(5):583-91. doi: 10.1002/ejhf.68. Epub 2014 Mar 3.,Eur J Heart Fail.  2014,PubMed,citation,PMID:24591060,pubmed,24591060,create date:2014/03/05 | first author:Sliwa K,
A resettable and reprogrammable DNA-based security system to identify multiple users with hierarchy.,/pubmed/24564320,"Li H, Hong W, Dong S, Liu Y, Wang E.",ACS Nano. 2014 Mar 25;8(3):2796-803. doi: 10.1021/nn406523y. Epub 2014 Mar 3.,ACS Nano.  2014,PubMed,citation,PMID:24564320,pubmed,24564320,create date:2014/02/26 | first author:Li H,
The Natural Hospital Environment: a Socio-Technical-Material perspective.,/pubmed/24286731,"Fernando J, Dawson L.",Int J Med Inform. 2014 Feb;83(2):140-58. doi: 10.1016/j.ijmedinf.2013.10.008. Epub 2013 Nov 13.,Int J Med Inform.  2014,PubMed,citation,PMID:24286731,pubmed,24286731,create date:2013/11/30 | first author:Fernando J,
Cybersecurity in radiology: Access of public hot spots and public Wi-Fi and prevention of cybercrimes and HIPAA violations.,/pubmed/24261355,"Gerard P, Kapadia N, Acharya J, Chang PT, Lefkovitz Z.",AJR Am J Roentgenol. 2013 Dec;201(6):1186-9. doi: 10.2214/AJR.12.9651. Review.,AJR Am J Roentgenol.  2013,PubMed,citation,PMID:24261355,pubmed,24261355,create date:2013/11/23 | first author:Gerard P,
Authentication systems for securing clinical documentation workflows. A systematic literature review.,/pubmed/24247789,"Schwartze J, Haarbrandt B, Fortmeier D, Haux R, Seidel C.",Methods Inf Med. 2014;53(1):3-13. doi: 10.3414/ME12-01-0078. Epub 2013 Nov 19. Review.,Methods Inf Med.  2014,PubMed,citation,PMID:24247789,pubmed,24247789,create date:2013/11/20 | first author:Schwartze J,
A study on user authentication methodology using numeric password and fingerprint biometric information.,/pubmed/24151601,"Ju SH, Seo HS, Han SH, Ryou JC, Kwak J.",Biomed Res Int. 2013;2013:427542. doi: 10.1155/2013/427542. Epub 2013 Sep 17.,Biomed Res Int.  2013,PubMed,citation,PMID:24151601 | PMCID:PMC3787579,pubmed,24151601,create date:2013/10/24 | first author:Ju SH,
Authorizing multiple chemical passwords by a combinatorial molecular keypad lock.,/pubmed/24088016,"Rout B, Milko P, Iron MA, Motiei L, Margulies D.",J Am Chem Soc. 2013 Oct 16;135(41):15330-3. doi: 10.1021/ja4081748. Epub 2013 Oct 2.,J Am Chem Soc.  2013,PubMed,citation,PMID:24088016,pubmed,24088016,create date:2013/10/04 | first author:Rout B,
Use of a web 2.0 portal to improve education and communication in young patients with families: randomized controlled trial.,/pubmed/23973555,"Hanberger L, Ludvigsson J, Nordfeldt S.",J Med Internet Res. 2013 Aug 23;15(8):e175. doi: 10.2196/jmir.2425.,J Med Internet Res.  2013,PubMed,citation,PMID:23973555 | PMCID:PMC3758041,pubmed,23973555,create date:2013/08/27 | first author:Hanberger L,
Security analysis and improvements to the PsychoPass method.,/pubmed/23942458,"Brumen B, Heričko M, Rozman I, Hölbl M.",J Med Internet Res. 2013 Aug 13;15(8):e161. doi: 10.2196/jmir.2366.,J Med Internet Res.  2013,PubMed,citation,PMID:23942458 | PMCID:PMC3742392,pubmed,23942458,create date:2013/08/15 | first author:Brumen B,
"The information security needs in radiological information systems-an insight on state hospitals of Iran, 2012.",/pubmed/23852637,"Farhadi A, Ahmadi M.",J Digit Imaging. 2013 Dec;26(6):1040-4. doi: 10.1007/s10278-013-9618-3. Review.,J Digit Imaging.  2013,PubMed,citation,PMID:23852637 | PMCID:PMC3824932,pubmed,23852637,create date:2013/07/16 | first author:Farhadi A,
"Run-length encoding graphic rules, biochemically editable designs and steganographical numeric data embedment for DNA-based cryptographical coding system.",/pubmed/23750303,Kawano T.,Commun Integr Biol. 2013 Mar 1;6(2):e23478. doi: 10.4161/cib.23478.,Commun Integr Biol.  2013,PubMed,citation,PMID:23750303 | PMCID:PMC3609851,pubmed,23750303,create date:2013/06/12 | first author:Kawano T,
Privacy and security of patient data in the pathology laboratory.,/pubmed/23599904,"Cucoranu IC, Parwani AV, West AJ, Romero-Lauro G, Nauman K, Carter AB, Balis UJ, Tuthill MJ, Pantanowitz L.",J Pathol Inform. 2013 Mar 14;4:4. doi: 10.4103/2153-3539.108542. Print 2013.,J Pathol Inform.  2013,PubMed,citation,PMID:23599904 | PMCID:PMC3624703,pubmed,23599904,create date:2013/04/20 | first author:Cucoranu IC,
Passwords usage and human memory limitations: a survey across age and educational background.,/pubmed/23227232,"Pilar DR, Jaeger A, Gomes CF, Stein LM.",PLoS One. 2012;7(12):e51067. doi: 10.1371/journal.pone.0051067. Epub 2012 Dec 5.,PLoS One.  2012,PubMed,citation,PMID:23227232 | PMCID:PMC3515440,pubmed,23227232,create date:2012/12/12 | first author:Pilar DR,
Embryonic learning of vocal passwords in superb fairy-wrens reveals intruder cuckoo nestlings.,/pubmed/23142041,"Colombelli-Négrel D, Hauber ME, Robertson J, Sulloway FJ, Hoi H, Griggio M, Kleindorfer S.",Curr Biol. 2012 Nov 20;22(22):2155-60. doi: 10.1016/j.cub.2012.09.025. Epub 2012 Nov 8.,Curr Biol.  2012,PubMed,citation,PMID:23142041,pubmed,23142041,create date:2012/11/13 | first author:Colombelli-Négrel D,
"A novel, privacy-preserving cryptographic approach for sharing sequencing data.",/pubmed/23125421,"Cassa CA, Miller RA, Mandl KD.",J Am Med Inform Assoc. 2013 Jan 1;20(1):69-76. doi: 10.1136/amiajnl-2012-001366. Epub 2012 Nov 2.,J Am Med Inform Assoc.  2013,PubMed,citation,PMID:23125421 | PMCID:PMC3555340,pubmed,23125421,create date:2012/11/06 | first author:Cassa CA,
Improving diabetes care for young people with type 1 diabetes through visual learning on mobile phones: mixed-methods study.,/pubmed/22868871,"Frøisland DH, Arsand E, Skårderud F.",J Med Internet Res. 2012 Aug 6;14(4):e111. doi: 10.2196/jmir.2155.,J Med Internet Res.  2012,PubMed,citation,PMID:22868871 | PMCID:PMC3803161,pubmed,22868871,create date:2012/08/08 | first author:Frøisland DH,
Processes and outcomes of developing a continuity of care document for use as a personal health record by people living with HIV/AIDS in New York City.,/pubmed/22841825,"Gordon P, Camhi E, Hesse R, Odlum M, Schnall R, Rodriguez M, Valdez E, Bakken S.",Int J Med Inform. 2012 Oct;81(10):e63-73. doi: 10.1016/j.ijmedinf.2012.06.004. Epub 2012 Jul 26.,Int J Med Inform.  2012,PubMed,citation,PMID:22841825 | PMCID:PMC4447096,pubmed,22841825,create date:2012/07/31 | first author:Gordon P,
MScreen: an integrated compound management and high-throughput screening data storage and analysis system.,/pubmed/22706349,"Jacob RT, Larsen MJ, Larsen SD, Kirchhoff PD, Sherman DH, Neubig RR.",J Biomol Screen. 2012 Sep;17(8):1080-7. doi: 10.1177/1087057112450186. Epub 2012 Jun 15.,J Biomol Screen.  2012,PubMed,citation,PMID:22706349 | PMCID:PMC3600606,pubmed,22706349,create date:2012/06/19 | first author:Jacob RT,
Identifying preferences for mobile health applications for self-monitoring and self-management: focus group findings from HIV-positive persons and young mothers.,/pubmed/22704234,"Ramanathan N, Swendeman D, Comulada WS, Estrin D, Rotheram-Borus MJ.",Int J Med Inform. 2013 Apr;82(4):e38-46. doi: 10.1016/j.ijmedinf.2012.05.009. Epub 2012 Jun 14.,Int J Med Inform.  2013,PubMed,citation,PMID:22704234 | PMCID:PMC3473096,pubmed,22704234,create date:2012/06/19 | first author:Ramanathan N,
Perspectives on: SGP symposium on mitochondrial physiology and medicine: molecular identities of mitochondrial Ca2+ influx mechanism: updated passwords for accessing mitochondrial Ca2+-linked health and disease.,/pubmed/22641638,"O-Uchi J, Pan S, Sheu SS.",J Gen Physiol. 2012 Jun;139(6):435-43. doi: 10.1085/jgp.201210795. Review. No abstract available. ,J Gen Physiol.  2012,PubMed,citation,PMID:22641638 | PMCID:PMC3362516,pubmed,22641638,create date:2012/05/30 | first author:O-Uchi J,
How to create memorizable and strong passwords.,/pubmed/22233980,"Cipresso P, Gaggioli A, Serino S, Cipresso S, Riva G.",J Med Internet Res. 2012 Jan 10;14(1):e10. doi: 10.2196/jmir.1906. No abstract available. ,J Med Internet Res.  2012,PubMed,citation,PMID:22233980 | PMCID:PMC3846346,pubmed,22233980,create date:2012/01/12 | first author:Cipresso P,
Virtual visitation in the neonatal intensive care: experience with the use of internet and telemedicine in a tertiary neonatal unit.,/pubmed/22058667,"Yeo C, Ho SK, Khong K, Lau Y.",Perm J. 2011 Summer;15(3):32-6.,Perm J.  2011,PubMed,citation,PMID:22058667 | PMCID:PMC3200097,pubmed,22058667,create date:2011/11/08 | first author:Yeo C,
Collapse of it programme will add to fragmentation.,/pubmed/27316814,Hill P.,Nurs Stand. 2011 Aug 10;25(49):32. doi: 10.7748/ns2011.08.25.49.32.p6055.,Nurs Stand.  2011,PubMed,citation,PMID:27316814,pubmed,27316814,create date:2011/08/10 | first author:Hill P,
Clinical and academic use of electronic and print books: the Health Sciences Library System e-book study at the University of Pittsburgh.,/pubmed/21753914,"Folb BL, Wessel CB, Czechowski LJ.",J Med Libr Assoc. 2011 Jul;99(3):218-28. doi: 10.3163/1536-5050.99.3.009.,J Med Libr Assoc.  2011,PubMed,citation,PMID:21753914 | PMCID:PMC3133903,pubmed,21753914,create date:2011/07/15 | first author:Folb BL,
[Networks of care for ST-elevation myocardial infarction in Italy. Results of the RETE IMA WEB survey].,/pubmed/21593955,"Marzocchi A, Saia F, Bolognese L, Tamburino C, Giordano A, Ramondo A, Sangiorgi GM, Tomai F, Cavallini C, Sardella G, Cortesi P, Di Pasquale G, De Servi S.",G Ital Cardiol (Rome). 2011 May;12(5):354-64. doi: 10.1714/643.7501. Italian. ,G Ital Cardiol (Rome).  2011,PubMed,citation,PMID:21593955,pubmed,21593955,create date:2011/05/20 | first author:Marzocchi A,
Teaching tools in evidence based practice: evaluation of reusable learning objects (RLOs) for learning about meta-analysis.,/pubmed/21542905,"Bath-Hextall F, Wharrad H, Leonardi-Bee J.",BMC Med Educ. 2011 May 4;11:18. doi: 10.1186/1472-6920-11-18.,BMC Med Educ.  2011,PubMed,citation,PMID:21542905 | PMCID:PMC3123313,pubmed,21542905,create date:2011/05/06 | first author:Bath-Hextall F,
How strong are passwords used to protect personal health information in clinical trials?,/pubmed/21317106,"El Emam K, Moreau K, Jonker E.",J Med Internet Res. 2011 Feb 11;13(1):e18. doi: 10.2196/jmir.1335.,J Med Internet Res.  2011,PubMed,citation,PMID:21317106 | PMCID:PMC3221339,pubmed,21317106,create date:2011/02/15 | first author:El Emam K,
Cryptanalysis and security improvements of 'two-factor user authentication in wireless sensor networks'.,/pubmed/22294935,"Khan MK, Alghathbar K.",Sensors (Basel). 2010;10(3):2450-9. doi: 10.3390/s100302450. Epub 2010 Mar 23.,Sensors (Basel).  2010,PubMed,citation,PMID:22294935 | PMCID:PMC3264488,pubmed,22294935,create date:2010/01/01 | first author:Khan MK,
Accessibility versus confidentiality of information in the emergency department.,/pubmed/19934127,"Ayatollahi H, Bath PA, Goodacre S.",Emerg Med J. 2009 Dec;26(12):857-60. doi: 10.1136/emj.2008.070557.,Emerg Med J.  2009,PubMed,citation,PMID:19934127,pubmed,19934127,create date:2009/11/26 | first author:Ayatollahi H,
"Confidentiality and the telephone in family practice: a qualitative study of the views of patients, clinicians and administrative staff.",/pubmed/19497987,"McKinstry B, Watson P, Pinnock H, Heaney D, Sheikh A.",Fam Pract. 2009 Oct;26(5):344-50. doi: 10.1093/fampra/cmp032. Epub 2009 Jun 4.,Fam Pract.  2009,PubMed,citation,PMID:19497987,pubmed,19497987,create date:2009/06/06 | first author:McKinstry B,
Dynamic searching in the brain.,/pubmed/19496023,"Mizraji E, Pomi A, Valle-Lisboa JC.",Cogn Neurodyn. 2009 Dec;3(4):401-14. doi: 10.1007/s11571-009-9084-2. Epub 2009 Jun 3.,Cogn Neurodyn.  2009,PubMed,citation,PMID:19496023 | PMCID:PMC2777191,pubmed,19496023,create date:2009/06/06 | first author:Mizraji E,
A computational Grid framework for immunological applications.,/pubmed/19487206,"Halling-Brown MD, Moss DS, Sansom CE, Shepherd AJ.",Philos Trans A Math Phys Eng Sci. 2009 Jul 13;367(1898):2705-16. doi: 10.1098/rsta.2009.0046.,Philos Trans A Math Phys Eng Sci.  2009,PubMed,citation,PMID:19487206,pubmed,19487206,create date:2009/06/03 | first author:Halling-Brown MD,
The realities of implementation of Clinical Context Object Workgroup (CCOW) standards for integration of vendor disparate clinical software in a large medical center.,/pubmed/19157966,"Berger RG, Baba J.",Int J Med Inform. 2009 Jun;78(6):386-90. doi: 10.1016/j.ijmedinf.2008.12.002. Epub 2009 Jan 20.,Int J Med Inform.  2009,PubMed,citation,PMID:19157966,pubmed,19157966,create date:2009/01/23 | first author:Berger RG,
Registration for electronic resources - challenges for part-time post qualifying students in the UK.,/pubmed/19036252,"Walton G, Ray K.",Nurse Educ Pract. 2001 Sep;1(3):113-9. doi: 10.1054/nepr.2001.0016.,Nurse Educ Pract.  2001,PubMed,citation,PMID:19036252,pubmed,19036252,create date:2008/11/28 | first author:Walton G,
A multi-functional electronic program for the management of radioisotopes.,/pubmed/18403960,"Ritchot N, Santary W.",Health Phys. 2008 May;94(5 Suppl 2):S72-7. doi: 10.1097/01.HP.0000308501.32700.f1.,Health Phys.  2008,PubMed,citation,PMID:18403960,pubmed,18403960,create date:2008/06/14 | first author:Ritchot N,
Identifying multiple submissions in Internet research: preserving data integrity.,/pubmed/18240015,"Bowen AM, Daniel CM, Williams ML, Baird GL.",AIDS Behav. 2008 Nov;12(6):964-73. doi: 10.1007/s10461-007-9352-2. Epub 2008 Feb 1.,AIDS Behav.  2008,PubMed,citation,PMID:18240015 | PMCID:PMC2615134,pubmed,18240015,create date:2008/02/02 | first author:Bowen AM,
How secure is your information system? An investigation into actual healthcare worker password practices.,/pubmed/18066366,"Cazier JA, Medlin BD.",Perspect Health Inf Manag. 2006 Sep 27;3:8.,Perspect Health Inf Manag.  2006,PubMed,citation,PMID:18066366 | PMCID:PMC2047302,pubmed,18066366,create date:2007/12/11 | first author:Cazier JA,
Access to electronic health knowledge in five countries in Africa: a descriptive study.,/pubmed/17509132,"Smith H, Bukirwa H, Mukasa O, Snell P, Adeh-Nsoh S, Mbuyita S, Honorati M, Orji B, Garner P.",BMC Health Serv Res. 2007 May 17;7:72.,BMC Health Serv Res.  2007,PubMed,citation,PMID:17509132 | PMCID:PMC1885254,pubmed,17509132,create date:2007/05/19 | first author:Smith H,
Electronic patient data confidentiality practices among surgical trainees: questionnaire study.,/pubmed/17059715,"Mole DJ, Fox C, Napolitano G.",Ann R Coll Surg Engl. 2006 Oct;88(6):550-3.,Ann R Coll Surg Engl.  2006,PubMed,citation,PMID:17059715 | PMCID:PMC1963756,pubmed,17059715,create date:2006/10/25 | first author:Mole DJ,
Funding free and universal access to Journal of Neuroinflammation.,/pubmed/15485579,"Mrak RE, Griffin WS.",J Neuroinflammation. 2004 Oct 14;1(1):19.,J Neuroinflammation.  2004,PubMed,citation,PMID:15485579 | PMCID:PMC528856,pubmed,15485579,create date:2004/10/16 | first author:Mrak RE,
Online Data Collection in Women's Health Research: A Study of Perimenopausal Women with Migraines.,/pubmed/20209041,"Moloney MF, Strickland OL, Dietrich A, Myerburg S.",NWSA J. 2004 Oct 1;16(3):70-92.,NWSA J.  2004,PubMed,citation,PMID:20209041 | PMCID:PMC2832339,pubmed,20209041,create date:2004/10/01 | first author:Moloney MF,
Survivable authentication for health information systems.,/pubmed/14728296,"Bicakci K, Baykal N.",AMIA Annu Symp Proc. 2003:791.,AMIA Annu Symp Proc.  2003,PubMed,citation,PMID:14728296 | PMCID:PMC1480083,pubmed,14728296,create date:2004/01/20 | first author:Bicakci K,
Developing policies and procedures for a picture archiving and communication system.,/pubmed/11442118,Gaytos B.,J Digit Imaging. 2001 Jun;14(2 Suppl 1):44-7.,J Digit Imaging.  2001,PubMed,citation,PMID:11442118 | PMCID:PMC3452735,pubmed,11442118,create date:2001/07/10 | first author:Gaytos B,
A password for species recognition in a brood-parasitic bird.,/pubmed/11375088,"Hauber ME, Russo SA, Sherman PW.",Proc Biol Sci. 2001 May 22;268(1471):1041-8.,Proc Biol Sci.  2001,PubMed,citation,PMID:11375088 | PMCID:PMC1088706,pubmed,11375088,create date:2001/05/26 | first author:Hauber ME,
End-user programs in medical school libraries: a survey.,/pubmed/3285934,"Welborn V, Kuehn JJ.",Bull Med Libr Assoc. 1988 Apr;76(2):137-40.,Bull Med Libr Assoc.  1988,PubMed,citation,PMID:3285934 | PMCID:PMC227165,pubmed,3285934,create date:1988/04/01 | first author:Welborn V,
Evaluation of a program to teach health professionals to search MEDLINE.,/pubmed/3315051,"Starr SS, Renford BL.",Bull Med Libr Assoc. 1987 Jul;75(3):193-201.,Bull Med Libr Assoc.  1987,PubMed,citation,PMID:3315051 | PMCID:PMC227682,pubmed,3315051,create date:1987/07/01 | first author:Starr SS,
The computer: an effective research assistant.,/pubmed/21279042,Gancher W.,Can Fam Physician. 1984 Apr;30:885-7.,Can Fam Physician.  1984,PubMed,citation,PMID:21279042 | PMCID:PMC2154086,pubmed,21279042,create date:1984/04/01 | first author:Gancher W,
A model for cytoplasm-governed gene regulation.,/pubmed/795425,"Lichtenstein AV, Shapot VS.",Biochem J. 1976 Dec 1;159(3):783-94. Review.,Biochem J.  1976,PubMed,citation,PMID:795425 | PMCID:PMC1164182,pubmed,795425,create date:1976/12/01 | first author:Lichtenstein AV,
